Model,MAE,RMSE,MAPE(%),sMAPE(%),R2,n
Holt-Winters,73.72639097744361,198.13893004846847,148.36787126667608,136.26480179854786,-0.8193202218458675,266
Ensemble (simple),106.69417293233083,368.87052732999257,162.3060200636236,139.16415540337596,-5.305469553141863,266
Ensemble (weighted),111.48274436090226,436.71931092431726,170.978622270749,124.28293275149171,-7.838413418450138,266
Naive (lag-1),135.3345864661654,454.0678918134818,199.47693744010428,112.10178163971125,-8.55456910445428,266
SARIMA,144.7083834586466,565.8181309605447,182.96048111830478,121.66624341017626,-13.836219136135874,266
Random Forest,187.76988721804508,481.9668959091025,347.19080328963946,154.29634961018414,-9.764749769698875,266
Gradient Boosting,236.45691729323312,615.9987501073639,423.97266916855773,157.36141072912795,-16.584465894976557,266
