{
  "ACETYLCYSTEIN KAP": {
    "hw": 0.7227776988733198,
    "sarima": 0.27722230112668017
  },
  "ACYCLOVIR SALEP": {
    "hw": 0.46942573465695775,
    "sarima": 0.5305742653430422
  },
  "ACYCLOVIR TABLET": {
    "hw": 0.39982818586303204,
    "sarima": 0.6001718141369679
  },
  "ALLOPURINOL TABLET": {
    "hw": 0.3781412905306999,
    "sarima": 0.6218587094693001
  },
  "AMBEVEN TABLET": {
    "hw": 0.2794871506194268,
    "sarima": 0.720512849380573
  },
  "AMBROXOL TABLET": {
    "hw": 0.4403485895460721,
    "sarima": 0.559651410453928
  },
  "AMLODIPINE 10 MG TABLET": {
    "hw": 0.5089869065973495,
    "sarima": 0.49101309340265037
  },
  "AMLODIPINE 5 MG": {
    "hw": 0.6354843322192352,
    "sarima": 0.3645156677807647
  },
  "AMOXCICILIN SIRUP": {
    "hw": 0.8415544523479446,
    "sarima": 0.15844554765205549
  },
  "AMOXICILLIN TABLET": {
    "hw": 0.02950294726775617,
    "sarima": 0.9704970527322438
  },
  "ANTASIDA TABLET": {
    "hw": 4.081632619741775e-09,
    "sarima": 0.9999999959183674
  },
  "ARKAVIT-C TABLET": {
    "hw": 0.4000000003018868,
    "sarima": 0.5999999996981132
  },
  "ASAM MEFENAMAT 500 MG TABLET": {
    "hw": 0.7323911115994439,
    "sarima": 0.2676088884005562
  },
  "AZITROMICYN TABLET": {
    "hw": 0.1969670246282226,
    "sarima": 0.8030329753717774
  },
  "BECEFORT TAB": {
    "hw": 0.9962698728617577,
    "sarima": 0.003730127138242249
  },
  "BECOMZET TABLET": {
    "hw": 0.7600764861994587,
    "sarima": 0.2399235138005414
  },
  "BENOSON-G SALEP": {
    "hw": 0.9999902977092381,
    "sarima": 9.702290761907933e-06
  },
  "BENOSON-M SALEP": {
    "hw": 0.523809488674146,
    "sarima": 0.47619051132585405
  },
  "BENOSON-N 15 G SALEP": {
    "hw": 0.6939964119854596,
    "sarima": 0.30600358801454036
  },
  "BETADINE 15 ML": {
    "hw": 9.99998000004e-07,
    "sarima": 0.999999000002
  },
  "BISOPROROL 5 TABLET": {
    "hw": 0.4978717607551577,
    "sarima": 0.5021282392448423
  },
  "BUSCOPAN INJEKSI": {
    "hw": 0.9985978033501942,
    "sarima": 0.0014021966498058444
  },
  "CAIRAN INFUS NACL 500ML": {
    "hw": 0.544279214390741,
    "sarima": 0.45572078560925894
  },
  "CAIRAN INFUS RINGER LAKTAT 500ML": {
    "hw": 0.473913284119163,
    "sarima": 0.5260867158808371
  },
  "CALLUSOL": {
    "hw": 3.3333311111125925e-07,
    "sarima": 0.9999996666668889
  },
  "CALORTUSIN TABLET": {
    "hw": 1.4545454122314064e-08,
    "sarima": 0.9999999854545459
  },
  "CANDESARTAN 16MG TAB": {
    "hw": 3.3333331111111255e-08,
    "sarima": 0.9999999666666688
  },
  "CANDESARTAN 8MG TAB": {
    "hw": 0.5198328369037746,
    "sarima": 0.4801671630962254
  },
  "CAPTOPRIL 12,5MG TABLET": {
    "hw": 1.3333329777778725e-07,
    "sarima": 0.9999998666667022
  },
  "CEFADROXIL 500MG KAPSUL": {
    "hw": 0.5713319267431215,
    "sarima": 0.42866807325687845
  },
  "CEFIXIME SIRUP": {
    "hw": 0.587779103607502,
    "sarima": 0.41222089639249804
  },
  "CENDOXITROL TETES MATA STERIL": {
    "hw": 0.5179661067731204,
    "sarima": 0.4820338932268797
  },
  "CETIRIZINE 10 MG TABLET": {
    "hw": 0.9999670665486925,
    "sarima": 3.2933451307482384e-05
  },
  "CIPROFLOXASIN 500 MG TABLET": {
    "hw": 0.5530832628157305,
    "sarima": 0.44691673718426955
  },
  "COMBANTRIN 250 MG TABLET": {
    "hw": 0.49490764002024523,
    "sarima": 0.5050923599797548
  },
  "COMBIVENT RESPULE": {
    "hw": 0.5,
    "sarima": 0.5
  },
  "COUNTERPAIN CREAM 30G": {
    "hw": 0.11767788658363319,
    "sarima": 0.8823221134163668
  },
  "CTM TABLET": {
    "hw": 0.023330561567494443,
    "sarima": 0.9766694384325055
  },
  "CURVIT TABLET": {
    "hw": 1.1815842862455152e-07,
    "sarima": 0.9999998818415714
  },
  "DEXAMETHASONE INJEKSI": {
    "hw": 0.678026503631452,
    "sarima": 0.32197349636854794
  },
  "DIAFORM TABLET": {
    "hw": 0.4075324398385267,
    "sarima": 0.5924675601614733
  },
  "DOMPERIDONE SIRUP": {
    "hw": 0.9999991025627366,
    "sarima": 8.974372633592587e-07
  },
  "DOMPERIDONE TABLET": {
    "hw": 0.05309738327048857,
    "sarima": 0.9469026167295114
  },
  "DULCOLAX 5MG TABLET": {
    "hw": 0.9999997773362648,
    "sarima": 2.2266373516186803e-07
  },
  "ERLAMICETIN TETES MATA": {
    "hw": 0.8117766933335884,
    "sarima": 0.1882233066664116
  },
  "ERLAMICETIN TETES TELINGA": {
    "hw": 0.6832118101662591,
    "sarima": 0.31678818983374096
  },
  "ERYTHROMYCIN 500 MG TABLET": {
    "hw": 0.754573712739558,
    "sarima": 0.24542628726044205
  },
  "FARSIFEN PLUS (PARASETAMOL + IBUPROFEN) TABLET": {
    "hw": 4.9999995000000496e-08,
    "sarima": 0.999999950000005
  },
  "FG TROCES TABLET": {
    "hw": 0.4343415691245322,
    "sarima": 0.5656584308754677
  },
  "FIBUMIN KAP": {
    "hw": 2.4999998750000064e-08,
    "sarima": 0.9999999750000013
  },
  "FLUTAMOL TABLET": {
    "hw": 9.999998000000401e-08,
    "sarima": 0.99999990000002
  },
  "GABAPENTIN 100MG": {
    "hw": 9.999998000000401e-08,
    "sarima": 0.99999990000002
  },
  "GENTAMICYN SALEP": {
    "hw": 0.06081110348307472,
    "sarima": 0.9391888965169253
  },
  "GRANTUSIF TABLET": {
    "hw": 0.6768671907517494,
    "sarima": 0.32313280924825066
  },
  "HEVIT PLUS TAB": {
    "hw": 0.40000000045714285,
    "sarima": 0.5999999995428572
  },
  "HISTIGO (BETAHISTIN) 6 MG TABLET": {
    "hw": 0.08030841566578013,
    "sarima": 0.9196915843342198
  },
  "HOT IN CREAM  60G": {
    "hw": 0.1817277755860576,
    "sarima": 0.8182722244139423
  },
  "HUFABETHAMINE SIRUP": {
    "hw": 0.739873135201116,
    "sarima": 0.260126864798884
  },
  "HUFAGRIP BP HIJAU SIRUP": {
    "hw": 0.6657616049353594,
    "sarima": 0.3342383950646406
  },
  "HYDROCORTISONE SALEP": {
    "hw": 0.06386552526894561,
    "sarima": 0.9361344747310544
  },
  "IBUPROFEN 400MG TABLET": {
    "hw": 0.9999984528504846,
    "sarima": 1.5471495153814222e-06
  },
  "IMBOOST KIDS SIRUP": {
    "hw": 0.3690063699881585,
    "sarima": 0.6309936300118416
  },
  "INFUSET MAKRO": {
    "hw": 4.999995000004999e-07,
    "sarima": 0.9999995000005
  },
  "INTERZINC SIRUP": {
    "hw": 0.5,
    "sarima": 0.5
  },
  "INTRIZIN TAB (CETIRIZIN)": {
    "hw": 0.5462197230624852,
    "sarima": 0.4537802769375147
  },
  "KALBION TAB": {
    "hw": 0.5,
    "sarima": 0.5
  },
  "KASA NON STERIL": {
    "hw": 1.99999920000032e-07,
    "sarima": 0.9999998000000799
  },
  "KASA STERIL": {
    "hw": 2.7972026407159363e-08,
    "sarima": 0.9999999720279736
  },
  "KENALOG SALEP": {
    "hw": 0.8043826471648499,
    "sarima": 0.19561735283515017
  },
  "KETOCONAZOLE SALEP": {
    "hw": 0.4833597715584459,
    "sarima": 0.5166402284415541
  },
  "KETONAZOLE 200MG TABLET": {
    "hw": 0.5284051173118707,
    "sarima": 0.4715948826881294
  },
  "KETOROLAC INJEKSI": {
    "hw": 0.3929605040815935,
    "sarima": 0.6070394959184066
  },
  "L-BIO": {
    "hw": 0.11817187852064714,
    "sarima": 0.8818281214793529
  },
  "LACTO B": {
    "hw": 0.6798017653921082,
    "sarima": 0.3201982346078918
  },
  "LANSOPRAZOLE KAPSUL": {
    "hw": 0.5543643919843264,
    "sarima": 0.44563560801567353
  },
  "LIBROFED (TRIPROLIDIN =~ PSEUDOEFEDRIN) TAB": {
    "hw": 0.5,
    "sarima": 0.5
  },
  "MADU TJ SACHET": {
    "hw": 2.1978021011955122e-08,
    "sarima": 0.999999978021979
  },
  "METHYLPREDNISOLON 8MG TAB": {
    "hw": 0.26664431242334385,
    "sarima": 0.7333556875766561
  },
  "METHYLPREDNISOLONE 4 MG TABLET": {
    "hw": 0.3845570704992875,
    "sarima": 0.6154429295007126
  },
  "METRONIDAZOLE 500MG TABLET": {
    "hw": 0.48359665054020984,
    "sarima": 0.5164033494597902
  },
  "MICROLAX RECTAL": {
    "hw": 4.999995000004999e-07,
    "sarima": 0.9999995000005
  },
  "NEO-PROTIFED (TRIPROLIDIN + PSEUDOEFEDRIN) TAB": {
    "hw": 0.5146980704036334,
    "sarima": 0.4853019295963666
  },
  "NEURALGIN TABLET": {
    "hw": 7.142856122449125e-08,
    "sarima": 0.9999999285714387
  },
  "NEUROBION FORTE/PINK TABLET": {
    "hw": 0.7472526405115039,
    "sarima": 0.25274735948849614
  },